en,ru,nl,es,de,fr
"to, attached to","к, прикреплённый к",aan,"a, unido a","zu, befestigt an","à, attaché à"
to offer,предлагать,aanbieden,ofrecer,anbieten,offrir
attention,внимание,de aandacht,atención,Achtung,attention
to arrive,прибыть,aankomen,llegar,ankommen,arriver
number of,количество,het aantal,número de,Anzahl von,nombre de
attractive,привлекательный,aantrekkelijk,atractivo,attraktiv,attractif
attack,атака,de aanval,ataque,angreifen,attaque
present,настоящее,aanwezig,presente,Gegenwart,présent
soil,почва,de aarde,suelo,Boden,sol
absolutely,абсолютно,absoluut,absolutamente,absolut,absolument
to accept,принимать,accepteren,aceptar,zu akzeptieren,d'accepter
behind,за,achter,detrás de,hinter,derrière
background,фон,de achtergrond,fondo,Hintergrund,arrière-plan
action,действие,de actie,acción,Aktion,action
active,активная,actief,activo,aktiv,actif
activity,деятельность,de activiteit,actividad,Tätigkeit,activité
address,адрес,het adres,dirección,Adresse,adresse
advice,совет,de raad,consejo,Beratung,conseils
department,отдел,de afdeling,departamento,Abteilung,département
"to go down, descend","спускаться, спускаться",afgaan,"bajar, descender","hinuntergehen, hinabsteigen","descendre, descendre"
to finish up,закончить,afmaken,para terminar,zu Ende zu bringen,pour terminer
"to pay, settle the bill","заплатить, оплатить счет",afrekenen,"pagar, saldar la cuenta","zu bezahlen, die Rechnung zu begleichen","payer, régler la facture"
goodbye,До свидания,het afscheid,adiós,Auf Wiedersehen,au revoir
appointment,назначение,de afspraak,cita,Ernennung,rendez-vous
to make an appointment,записаться на прием,afspreken,para concertar una cita,um einen Termin zu vereinbaren,pour prendre rendez-vous
distance,расстояние,de afstand,distancia,Entfernung,distance
to graduate,закончить школу,afstuderen,graduarse,zu absolvieren,obtenir un diplôme
to do the dishes,мыть посуду,afwassen,lavar los platos,den Abwasch zu machen,faire la vaisselle
agent,агент,de agent,agente,Agent,agent
already,уже,al,ya,bereits,déjà
general,общее,algemeen,general,allgemein,général
all,все,allen,todos,alle,tous
both,оба,beide,ambos,beide,à la fois
only,только,pas,sólo,nur,seulement
all of them,все они,allemaal,todos,alle von ihnen,tous
everything,все,alles,todo,alles,tout
"if, when","если, когда",als,"si, cuando","wenn, wenn","si, quand"
as if,как будто,alsof,como si,als ob,comme si
always,всегда,altijd,siempre,immer,toujours
civil servant,государственный служащий,de ambtenaar,funcionario,Staatsdiener,fonctionnaire
other,другие,ander,otros,andere,autres
different,разные,verschillend,diferente,verschiedene,différents
fear,страх,de angst,miedo,Angst,peur
answer,ответ,het antwoord,responder,Antwort,répondre
to answer,отвечать,antwoorden,responder,zu beantworten,pour répondre
labor,труд,de arbeid,trabajo,Arbeit,travail
worker,рабочий,de arbeider,trabajador,Arbeiter,travailleur
argument,аргумент,het argument,argumento,Argument,argument
arm,рука,de arm,brazo,Arm,bras
article,статья,het artikel,artículo,Artikel,article
aspect,аспект,het aspect,aspecto,Aspekt,aspect
author,автор,de auteur,autor,Autor,auteur
automatically,автоматически,automatisch,automáticamente,automatisch,automatiquement
boss,босс,de baas,jefe,Chef,patron
baby,ребенок,de baby,bebé,Baby,bébé
afraid,боится,bang,miedo,Angst,effrayé
bank,банк,de bank,banco,Bank,banque
base,база,de basis,base,Basis,base
bed,кровать,het bed,cama,Bett,lit
company,компания,het bedrijf,empresa,Unternehmen,entreprise
statue,статуя,het beeld,estatua,Statue,statue
leg,нога,de poot,pierna,Bein,jambe
get started,начать,het begin,empezar,loslegen,commencer
"to start, begin","начинать, приступать",beginnen,"empezar, comenzar","beginnen, beginnen","commencer, débuter"
understanding,понимание,het begrip,comprender,Verständnis,compréhension
except,кроме,behalve,excepto,außer,sauf
therapy,терапия,de behandeling,terapia,Therapie,thérapie
need,нужно,de noodzaak,necesita,brauchen,besoin
interest,проценты,het belang,interés,Interesse,intérêt
policy,политика,het beleid,política,Politik,politique
to call,звонить,bellen,llamar,anrufen,pour appeler
down,вниз,beneden,abajo,unten,vers le bas
determined,определено,bepaald,determinado,bestimmt,déterminés
prepared,подготовлено,bereid,preparado,vorbereitet,préparé
profession,профессия,het beroep,profesión,Beruf,profession
protection,защита,de bescherming,protección,Schutz,protection
decision,решение,het besluit,decisión,Entscheidung,décision
to decide,решать,besluiten,decidir,zu entscheiden,décider
to discuss,обсудить,bespreken,para debatir,zu besprechen,pour discuter
board,доска,het bestuur,tablero,Vorstand,conseil
to pay,платить,betalen,pagar,zu zahlen,à payer
to mean,означать,menen,es decir,zu bedeuten,pour signifier
meaning,значение,de betekenis,Significado,Bedeutung,sens
better,лучше,beter,mejor,besser,meilleur
turn,повернуть,de beurt,gire a,drehen.,tourner
to contain,содержать,bevatten,contener,zu enthalten,pour contenir
to move,двигаться,bewegen,mover,zu bewegen,de se déplacer
movement,движение,de beweging,movimiento,Bewegung,mouvement
proof,доказательство,het bewijs,prueba,Nachweis,preuve
conscious,сознание,bewust,consciente,bewusst,conscient
busy,занят,bezig,ocupado,beschäftigt,occupé
possession,владение,het bezit,posesión,Besitz,possession
visit,посетите,het bezoek,visite,besuchen Sie,visiter
to influence,влиять,beïnvloeden,influir,zu beeinflussen,d'influencer
beer,пиво,het bier,cerveza,Bier,bière
at,на,bij,en,unter,à
contribution,вклад,de bijdrage,contribución,Beitrag,contribution
"almost, nearly",почти,bijna,casi,fast,presque
to bite,кусаться,bijten,morder,zum Beißen,mordre
for example,например,bijvoorbeeld,por ejemplo,zum Beispiel,par exemple
special,специальный,speciaal,especial,Spezial,spécial
"within, inside","внутри, внутри",binnen,"dentro, en el interior","innen, innen","à l'intérieur, à l'intérieur"
to enter,войти,ingaan,para entrar,zur Eingabe,pour entrer
bitter,горький,bitter,amargo,bitter,amer
sheet,лист,het blad,hoja,Blatt,feuille
blue,голубой,blauw,azul,blau,bleu
happy,счастливый,gelukkig,feliz,glücklich,heureux
apparently,"очевидно,",blijkbaar,aparentemente,offenbar,apparemment
to stay,оставаться,blijven,para quedarse,zu bleiben,rester
look,смотреть,de blik,mira,siehe,regarder
blood,кровь,het bloed,sangre,Blut,sang
flower,цветок,de bloem,flor,Blume,fleur
"bottom, ground","дно, земля",de bodem,"fondo, suelo","Boden, Boden","fond, sol"
book,книга,het boek,Libro,Buch,livre
farmer,фермер,de boer,agricultor,Landwirt,agriculteur
message,сообщение,de boodschap,mensaje,Nachricht,message
bow,бант,de boog,arco,Bogen,arc
tree,дерево,de boom,árbol,Baum,arbre
angry,сердитый,boos,enfadado,wütend,en colère
boat,лодка,de boot,barco,Boot,bateau
plate,тарелка,de plaat,placa,Platte,assiette
chest,грудь,de kist,pecho,Brust,poitrine
forest,лес,het bos,bosque,Wald,forêt
upstairs,наверху,boven,arriba,Obergeschoss,à l'étage
moreover,более того,overigens,además,Außerdem,De plus
fire,пожар,het vuur,fuego,Feuer,incendie
wide,широкий,wijd,ancho,breit,large
to bring,приносить,brengen,traer,zu bringen,pour apporter
letter,письмо,de brief,carta,Schreiben,lettre
pants,брюки,de broek,pantalones,Hosen,pantalon
brother,брат,de broer,hermano,Bruder,frère
source,источник,de bron,fuente,Quelle,source
bread,хлеб,het brood,pan,Brot,pain
bridge,мост,de brug,puente,Brücke,pont
brown,коричневый,bruin,marrón,braun,marron
stomach,желудок,de maag,estómago,Magen,estomac
outside,за пределами,buiten,fuera de,außerhalb,à l'extérieur
foreign,иностранный,buitenlands,extranjero,Ausland,étranger
desk,стол,het bureau,escritorio,Schreibtisch,bureau
mayor,мэр,de burgemeester,alcalde,Bürgermeister,maire
civil,гражданская,burgerlijk,civil,zivil,civile
bus,автобус,de bus,autobús,Bus,bus
neighborhood,район,de buurt,barrio,Nachbarschaft,le voisinage
cafe,кафе,het café,café,Cafe,café
category,категория,de categorie,categoría,Kategorie,catégorie
centre,центр,het centrum,centro,Zentrum,centre
colleague,коллега,de collega,colega,Kollege,collègue
combination,комбинация,de combinatie,combinación,Kombination,combinaison
communication,общение,de communicatie,comunicación,Kommunikation,communication
computer,компьютер,de computer,ordenador,Computer,ordinateur
conclusion,заключение,de conclusie,conclusión,Schlussfolgerung,conclusion
consequence,следствие,het gevolg,consecuencia,Folge,conséquence
contact,связаться с,het contact,póngase en contacto con,Kontakt,contact
crisis,кризис,de crisis,crisis,Krise,crise
cultural,культура,cultureel,cultural,Kultur,culturel
culture,культура,de cultuur,cultura,Kultur,culture
there,там,daar,allí,dort,là
after that,после этого,daarna,después,daraufhin,après cela
therefore,поэтому,daarom,por lo tanto,daher,par conséquent
day,день,de dag,día,Tag,jour
daily,ежедневно,dagelijks,diario,täglich,quotidien
roof,крыша,het dak,tejado,Dach,toit
then,затем,dan,entonces,dann,puis
to thank,благодарить,danken,dar las gracias,zum Dank,pour remercier
to dance,танцевать,dansen,para bailar,zu tanzen,danser
that (het words),,dat,,,
that,это (het слова),,que,dass,que
the,сайт,de,el,die,les
part,часть,het gedeelte,pieza,Teil,partie
final,окончательный,definitief,final,endgültig,final
blanket,одеяло,de deken,manta,Decke,couverture
to think,думать,denken,pensar,zu denken,penser
third,третий,derde,tercera,dritte,troisième
detail,подробнее,het detail,detalle,Detail,détail
door,дверь,de deur,puerta,Tür,porte
this (de words),,deze,,,
this,это,,esto,dies,ceci
the same,одинаковый,hetzelfde,lo mismo,derselbe,les mêmes
nearby,поблизости,dichtbij,cerca de,in der Nähe,à proximité
"close by, far away","рядом, далеко","dichtbij, ver weg","cerca, lejos","nah dran, weit weg","proche, lointain"
to close,закрываться,sluiten,cerrar,zu schließen,pour fermer
shift,смена,de dienst,turno,Schicht,changement
deep,глубокий,diep,profundo,tief,profond
animal,животное,het dier,animal,Tier,animal
fat,жир,dik,grasa,fett,gras
"fat, thin","толстый, худой","dik, dun","gordo, delgado","fett, dünn","gros, mince"
thing,вещь,het ding,cosa,Sache,chose
directly,напрямую,direct,directamente,direkt,directement
director,директор,de directeur,director,Direktor,directeur
discussion,обсуждение,de discussie,debate,Diskussion,discussion
this (het words),,dit,,,
daughter,дочь,de dochter,hija,Tochter,fille
target,цель,het doel,objetivo,Ziel,cible
"goal, objective","цель, задача",de doelstelling,"meta, objetivo","Ziel, Zielsetzung","but, objectif"
to do,делать,doen,hacer,zu tun,à faire
doctor,доктор,de huisarts,doctor,Doktor,médecin
stupid,глупый,dom,estúpido,dumm,stupide
dark,темный,donker,oscuro,dunkel,sombre
"dark, light","тёмный, светлый","donker, licht","oscuro, claro","dunkel, hell","sombre, clair"
death,смерть,de dood,muerte,Tod,la mort
because,потому что,doordat,porque,denn,parce que
to continue,продолжать,verdergaan,continuar,fortsetzen,poursuivre
to pass along,передавать,doorgeven,transmitir,zur Weitergabe,transmettre
box,ящик,de doos,caja,Box,boîte
village,деревня,het dorp,pueblo,Dorf,village
three,три,drie,tres,drei,trois
to drink,пить,drinken,para beber,zu trinken,à boire
to dream,мечтать,dromen,soñar,zu träumen,rêver
dry,сухой,droog,seco,trocken,sec
"dry, wet","сухой, влажный","droog, nat","seco, húmedo","trocken, nass","sec, humide"
dream,мечта,de droom,sueño,Traum,rêve
pressure,давление,de druk,presión,Druck,pression
double,двойной,dubbel,doble,doppelt,double
clearly,ясно,duidelijk,claramente,eindeutig,clairement
thin,тонкий,dun,fino,dünn,mince
to last,до последнего,duren,hasta el final,bis zuletzt,pour durer
so (conclusion),так (вывод),dus,así (conclusión),so (Schlussfolgerung),donc (conclusion)
expensive,дорогой,duur,caro,teuer,coûteux
transverse,поперечный,dwars,transversal,quer,transversal
however,однако,toch,sin embargo,jedoch,cependant
economy,экономика,de economie,economía,Wirtschaft,économie
a,a,een,a,a,a
a couple,пара,een paar,una pareja,ein Paar,un couple
a while,некоторое время,een poos,un tiempo,eine Weile,un moment
once,однажды,eenmaal,una vez,einmal,une fois
simple,простой,eenvoudig,simple,einfach,simple
honor,честь,de eer,honor,ehren,honneur
earlier,ранее,eerder,antes,früher,plus tôt
first,первый,eerst,primero,erste,premier
century,век,de eeuw,siglo,Jahrhundert,siècle
effect,эффект,het effect,efecto,Wirkung,effet
own,собственный,eigen,propio,eigene,propre
owner,владелец,de eigenaar,propietario,Eigentümer,propriétaire
actually,на самом деле,eigenlijk,en realidad,eigentlich,en fait
charachteristic,характристика,de eigenschap,característico,charachteristisch,charactéristique
island,остров,het eiland,isla,Insel,île
end,конец,het eind,fin,Ende,fin
finally,наконец-то,tenslotte,finalmente,schließlich,enfin
endless,бесконечный,eindeloos,sin fin,endlos,sans fin
to end,заканчивать,eindigen,para terminar,zu beenden,pour terminer
demand,спрос,de eis,demanda,Nachfrage,demande
each,каждый,elk,cada,jede,chacun
emotion,эмоции,de emotie,emoción,Gefühl,émotion
emotional,эмоциональный,emotioneel,emocional,emotional,émotionnel
and,и,en,y,und,et
energy,энергия,de energie,energía,Energie,l'énergie
english,английский,Engels,inglés,Englisch,anglais
enormous,огромный,enorm,enorme,riesig,énorme
there (exists),есть (существует),er,existe,dort (existiert),il (existe)
somewhere,где-то,ergens,en algún lugar,irgendwo,quelque part
serious,серьезный,serieus,serio,seriös,grave
experience,опыт,de ervaring,experiencia,erleben,expérience
to eat,есть,eten,para comer,zu essen,manger
for a while,на некоторое время,even,por un tiempo,eine Zeit lang,pendant un certain temps
balance,баланс,het evenwicht,saldo,Bilanz,équilibre
experiment,эксперимент,het experiment,experimento,Experiment,expérience
factory,завод,de fabriek,fábrica,Werk,usine
factor,фактор,de factor,factor,Faktor,facteur
family,семья,het gezin,familia,Familie,famille
phase,фаза,de fase,fase,Phase,phase
party,вечеринка,het feest,fiesta,Partei,parti
fact,факт,het feit,hecho,Tatsache,fait
bicycle,велосипед,de fiets,bicicleta,Fahrrad,bicyclette
figure,рисунок,de figuur,Figura,Abbildung,chiffre
nice,хороший,fijn,bonito,schön,agréable
movie,фильм,de film,película,Film,film
financial,финансы,financieel,financiero,Finanzen,financière
bottle,бутылка,de fles,botella,Flasche,bouteille
hefty,большой,flink,fuerte,.,lourd
to formulate,формулировать,formuleren,formular,zu formulieren,formuler
photo,фото,de foto,foto,Foto,photo
mistake,ошибка,de fout,error,Fehler,erreur
fruit,фрукты,de vrucht,fruta,Obst,fruits
function,функция,de functie,función,Funktion,fonction
fundamentally,в корне,fundamenteel,fundamentalmente,grundlegend,fondamentalement
to go,идти,gaan,ir,zum Mitnehmen,pour aller
corridor,коридор,de gang,pasillo,Korridor,couloir
guest,гость,de gast,invitado,Gast,invité
hole,отверстие,het gat,agujero,Loch,trou
soon,скоро,gauw,pronto,bald,bientôt
area,область,het gebied,zona,Bereich,zone
born,родился,geboren,nacido,geboren,nés
building,здание,het gebouw,edificio,Gebäude,bâtiment
to use,использовать,gebruiken,utilizar,zu verwenden,à utiliser
thought,мысль,de gedachte,pensamiento,Gedanken,pensée
poem,стихотворение,het gedicht,poema,Gedicht,poème
behaviour,поведение,het gedrag,comportamiento,Verhalten,comportement
give,дать,geef,dé,geben.,donner
yellow,желтый,geel,amarillo,gelb,jaune
whole,целиком,geheel,todo,ganz,entier
secret,секрет,het geheim,secreto,geheim,secret
memory,память,het geheugen,memoria,Speicher,mémoire
crazy,сумасшедший,gek,loco,verrückt,fou
money,деньги,het geld,dinero,Geld,argent
ago,назад,geleden,hace,vor,il y a
opportunity,возможность,de kans,oportunidad,Gelegenheit,opportunité
equal,равный,gelijk,igual,gleich,égal
"faith, belief","вера, убеждения",het geloof,"fe, creencia","Glaube, Überzeugung","foi, croyance"
sound,звук,het geluid,sonido,Klang,son
luck,удача,het geluk,suerte,Glück,chance
ease,легкость,het gemak,facilidad,erleichtern,faciliter
easy,легко,makkelijk,fácil,einfach,facile
mean,среднее,gemeen,media,mittlere,moyen
generation,поколение,de generatie,generación,Generation,génération
enough,достаточно,voldoende,suficiente,genug,assez
history,история,de geschiedenis,historia,Geschichte,l'histoire
conversation,разговор,het gesprek,conversación,Gespräch,conversation
smell,запах,de geur,oler,riechen,odeur
danger,опасность,het gevaar,peligro,Gefahr,danger
dangerous,опасно,gevaarlijk,peligroso,gefährlich,dangereux
case,случай,het geval,caso,Fall,cas
"jail, prison","тюрьма, тюрьма",de gevangenis,"cárcel, prisión","Gefängnis, Gefängnis","prison, prison tout court"
to give,давать,geven,dar,zu geben,donner
feeling,ощущение,het gevoel,sensación,Gefühl,sentiment
violence,насилие,het geweld,violencia,Gewalt,la violence
"awesome, great","потрясающий, великолепный",geweldig,"impresionante, genial","großartig, großartig","génial, excellent"
just,просто,net,sólo,nur,juste
usually,обычно,gewoonlijk,normalmente,in der Regel,généralement
habit,привычка,de gewoonte,hábito,Gewohnheit,habitude
authority,авторитет,het gezag,autoridad,Behörde,l'autorité
cozy,уютный,gezellig,acogedor,Gemütlich,douillet
face,лицо,het gezicht,cara,Gesicht,visage
healthy,здоровый,gezond,saludable,gesund,sain
"healthy, sick","здоровый, больной","gezond, ziek","sano, enfermo","gesund, krank","en bonne santé, malade"
health,здоровье,de gezondheid,salud,Gesundheit,la santé
glass,стекло,het glas,vidrio,Glas,verre
smile,улыбка,de glimlach,sonríe,Lächeln,sourire
religion,религия,de godsdienst,religión,Religion,religion
good,хорошо,goed,bien,gut,bon
"good, bad","хороший, плохой","goed, slecht","bueno, malo","gut, schlecht","bon, mauvais"
goods,товары,de goederen,mercancías,Waren,biens
cheap,дешевые,goedkoop,barato,billig,bon marché
"cheap, expensive","дешёвый, дорогой","goedkoop, duur","barato, caro","billig, teuer","bon marché, cher"
wave,волна,de golf,onda,Welle,vague
curtains,шторы,de gordijnen,cortinas,Vorhänge,rideaux
golden,золотой,gouden,dorado,goldene,doré
gladly,с удовольствием,graag,Con mucho gusto,gerne,volontiers
grass,трава,het gras,hierba,Gras,herbe
grip,захват,de greep,agarre,Griff,poignée
border,граница,de grens,frontera,Grenze,frontière
gray,серый,grijs,gris,grau,gris
growth,рост,de groei,crecimiento,Wachstum,croissance
to grow,расти,groeien,crecer,zu wachsen,se développer
green,зеленый,groen,verde,grün,vert
group,группа,de groep,grupo,Gruppe,groupe
"big, small","большой, маленький","groot, klein","grande, pequeño","groß, klein","grand, petit"
favorable,благоприятный,gunstig,favorable,Günstig,favorable
her,ее,haar,su,ihre,son
rush,спешите,de haast,prisa,Eile,jonc
half,половина,de helft,medio,halb,moitié
neck,шея,de nek,cuello,Nacken,cou
hand,рука,de hand,mano,Hand,main
act,акт,de handeling,actuar,handeln,acte
hard,твердый,hard,duro,hart,dur
"hard, soft","твёрдый, мягкий","hard, zacht","duro, blando","hart, weich","dur, doux"
heart,сердце,het hart,corazón,Herz,cœur
to have,иметь,hebben,tener,zu haben,d'avoir
very,очень,"zeer, heel",muy,sehr,très
away,прочь,weg,fuera,weg,à l'extérieur
delicious,вкусно,heerlijk,delicioso,lecker,délicieux
hot,горячая,heet,caliente,heiß,chaud
completely,полностью,helemaal,completamente,vollständig,complètement
to help,помогать,helpen,para ayudar,zu helfen,pour aider
him,ему,hem,le,er,lui
to repeat,повторять,herhalen,repetir,zu wiederholen,répéter
reminder,напоминание,de herinnering,recordatorio,Erinnerung,rappel
it,это,het,it,es,il
"the same, different","одинаковый, разный","hetzelfde, anders","lo mismo, diferente","dasselbe, anders","identiques, différents"
hill,холм,de heuvel,colina,Hügel,colline
here,здесь,hier,aquí,hier,ici
he,он,hij,he,er,il
historical,исторический,historisch,histórico,historisch,historique
how,как,hoe,cómo,wie,comment
hat,шляпа,de hoed,sombrero,Hut,chapeau
corner,угол,de hoek,esquina,Ecke,coin
to need to,нуждаться в,hoeven,necesitar,"brauchen, um",pour avoir besoin de
Holland,Голландия,Holland,Holanda,Holland,Pays-Bas
dog,собака,de hond,perro,Hund,chien
hungry,голодный,de honger,hambriento,hungrig,affamés
head,глава,het hoofd,cabeza,Kopf,tête
high,высокий,hoog,alta,hoch,élevé
"high, low","высокий, низкий","hoog, laag","alto, bajo","hoch, niedrig","haut, bas"
height,высота,de hoogte,altura,Höhe,hauteur
pile,свая,de hoop,pila,Stapel,pile
to hope,надеяться,hopen,a la esperanza,zu hoffen,pour espérer
to hear,слышать,horen,escuchar,zu hören,entendre
hotel,отель,het hotel,hotel,Hotel,hôtel
"to keep, hold","хранить, держать",houden,"guardar, retener","behalten, halten","garder, tenir"
attitude,отношение,de houding,actitud,Einstellung,attitude
house,дом,de woning,casa,Haus,maison
help,помощь,de hulp,ayuda,Hilfe,aider
hut,хижина,de hut,cabaña,Hütte,hutte
wedding,свадьба,het huwelijk,boda,Hochzeit,mariage
ideal,идеальный,het ideaal,ideal,ideal,idéal
idea,идея,het idee,idea,Idee,idée
everyone,все,iedereen,todo el mundo,alle,tout le monde
someone,кто-то,iemand,alguien,jemand,quelqu'un
I,I,ik,I,I,I
in,в,in,en,in,en
indeed,действительно,inderdaad,en efecto,in der Tat,en effet
individual,индивидуально,het individu,individual,individuell,individuel
individually,индивидуально,individueel,individualmente,individuell,individuellement
impression,впечатление,de indruk,impresión,Abdruck,impression
information,информация,de informatie,información,Informationen,l'information
initiative,инициатива,het initiatief,iniciativa,Initiative,initiative
to hand in,сдавать,inleveren,entregar,zum Einreichen,à remettre
in the meantime,тем временем,inmiddels,mientras tanto,in der Zwischenzeit,entre-temps
to get in,попасть,instappen,para entrar,zum Einsteigen,pour entrer
instrument,инструмент,het instrument,instrumento,Instrument,instrument
interesting,интересно,interessant,interesante,interessant,intéressant
to be interested,интересоваться,interesseren,estar interesado,interessiert zu sein,s'intéresser
international,международный,internationaal,internacional,international,internationale
meanwhile,Тем временем,intussen,mientras tanto,Inzwischen,entre-temps
influence,влияние,de invloed,influencia,Einfluss,influence
yes,да,ja,sí,ja,oui
year,год,het jaar,año,Jahr,année
unfortunately,к сожалению,jammer,por desgracia,leider,malheureusement
jacket,куртка,de jas,chaqueta,Jacke,veste
"you (single, informal, subject)",,je,,,
youth,молодежь,de jeugd,jóvenes,Jugend,la jeunesse
yourself,себя,jezelf,usted mismo,selbst,toi-même
"you (single, informal, stressed)",,jij,,,
you,вы,,tú,Sie,vous
young,молодой,jong,joven,junge,jeune
"young, old","молодой, старый","jong, oud","joven, viejo","jung, alt","jeunes, vieux"
young man,молодой человек,de jongeman,joven,junger Mann,jeune homme
"you (informal, indirect object)",,jou,,,
"right, correct","правильно, правильно",juist,"correcto, correcto","richtig, richtig","juste, correct"
you (plural),,jullie,vosotros (plural),,
june,июнь,juni,junio,juni,juin
dress,платье,de jurk,vestido,Kleid,robe
cheese,сыр,de kaas,queso,Käse,fromage
calm,спокойствие,kalm,calma,ruhig,calme
room,комната,de kamer,habitación,Zimmer,chambre
camp,лагерь,het kamp,campamento,Lager,camp
side,сторона,de kant,lateral,Seite,côté
office,офис,het kantoor,oficina,Büro,bureau
broken,сломанный,kapot,roto,gebrochen,cassé
character,персонаж,het karakter,carácter,Zeichen,caractère
closet,шкаф,de kast,armario,Kleiderschrank,placard
cat,кот,de kat,cat,Katze,chat
throat,горло,de keel,garganta,Kehle,gorge
times,раз,de keer,veces,mal,fois
characteristics,характеристики,de kenmerken,características,Eigenschaften,caractéristiques
to know,знать,weten,saber,zu wissen,savoir
church,церковь,de kerk,iglesia,Kirche,église
core,ядро,de kern,núcleo,Kernstück,noyau
kitchen,кухня,de keuken,cocina,Küche,cuisine
choice,выбор,de keuze,elección,Auswahl,choix
to select,чтобы выбрать,kiezen,para seleccionar,zum Auswählen,pour sélectionner
to look,смотреть,kijken,mirar,zu schauen,regarder
kilometers,километры,de kilometer,kilómetros,Kilometer,kilomètres
child,ребенок,het kind,niño,Kind,enfant
ready,готово,klaar,listo,bereit,prêt
complaint,жалоба,de klacht,reclamación,Beschwerde,plainte
customer,клиент,de klant,cliente,Kunde,client
blow,дуть,de klap,soplar,blasen,souffler
class,класс,de klas,clase,Klasse,classe
classic,классика,klassiek,clásico,klassisch,classique
carpet,ковер,het kleed,alfombra,Teppich,tapis
small,маленький,klein,pequeño,klein,petit
clothes,одежда,de kleren,ropa,Kleidung,vêtements
color,цвет,de kleur,color,Farbe,couleur
to climb,подняться,klimmen,escalar,zum Klettern,pour grimper
good looking,хорошо выглядящий,knap,buen aspecto,gut aussehend,belle apparence
knee,колено,de knie,rodilla,Knie,genou
cool,прохладный,koel,genial,cool,cool
suitcase,Чемодан,de koffer,maleta,Koffer,valise
coffee,кофе,de koffie,café,Kaffee,café
to come,приехать,komen,por venir,zu kommen,à venir
king,король,de koning,rey,König,roi
queen,королева,de koningin,reina,Königin,reine
headline,заголовок,de kop,titular,Schlagzeile,titre
to buy,покупать,kopen,comprar,zu kaufen,acheter
short,короткие,kort,corto,kurz,court
to cost,к стоимости,kosten,al coste,zu den Kosten,au coût
cold,холод,koud,frío,kalt,froid
power,мощность,de macht,potencia,Macht,pouvoir
powerful,мощный,krachtige,potente,leistungsstarke,puissant
"to get, receive","получать, получать",krijgen,"obtener, recibir","bekommen, erhalten","obtenir, recevoir"
circle,круг,de kring,círculo,Kreis,cercle
cross,крест,het kruis,cruz,Kreuz,croiser
"can, to be able to","может, чтобы быть в состоянии",kunnen,"puede, ser capaz de","können, um in der Lage zu sein","pouvoir, être en mesure de"
artist,художник,de kunstenaar,artista,Künstler,artiste
coast,побережье,de kust,costa,Küste,côte
quality,качество,de kwaliteit,calidad,Qualität,qualité
lost,потерянный,kwijt,perdido,verloren,perdue
low,низкий,laag,bajo,niedrig,faible
late,поздно,laat,tarde,spät,tardive
last,последний,laatste,último,zuletzt,dernier
to laugh,смеяться,lachen,reír,zu lachen,rire
landscape,ландшафт,het landschap,paisaje,Landschaft,paysage
long,длинный,lang,largo,lang,long
"tall, short","высокий, низкий","lang, kort","alto, bajo","groß, klein","grand, petit"
along,вдоль,langs,a lo largo de,entlang,le long de
to pass by,проходить мимо,langskomen,pasar de largo,zum Vorbeigehen,passer à côté
slowly,медленно,langzaam,lentamente,langsam,lentement
"slow, fast","медленно, быстро","langzaam, snel","lento, rápido","langsam, schnell","lent, rapide"
burden,бремя,de last,carga,Belastung,charge
to let,позволить,laten,dejar,zu vermieten,de laisser
later,позже,later,más tarde,später,plus tard
age,возраст,de leeftijd,edad,Alter,âge
empty,пустой,leeg,vacío,leer,vide
leather,кожа,de leer,cuero,Leder,cuir
pupil,ученик,de leerling,alumno,Schülerin,élève
to lead,руководить,leiden,para dirigir,zu führen,pour diriger
leader,лидер,de leider,líder,Anführer,chef de file
leadership,лидерство,de leiding,liderazgo,Führung,leadership
"tasty, nice","вкусно, красиво",lekker,"sabroso, agradable","lecker, schön","savoureux, agréable"
"tasty, disgusting","вкусный, отвратительный","lekker, vies","sabroso, asqueroso","schmackhaft, ekelerregend","savoureux, dégoûtant"
ugly,Уродливый,lelijk,feo,hässlich,mocheté
to borrow,брать в долг,lenen,pedir prestado,zu leihen,emprunter
teacher,учитель,de leraar,profesor,Lehrer,enseignant
to learn,учиться,leren,para aprender,zu lernen,apprendre
fun,веселье,leuk,divertido,Spaß,amusant
to live,жить,leven,para vivir,zu leben,vivre
to deliver,доставлять,leveren,entregar,zu liefern,à délivrer
to read,читать,lezen,leer,zu lesen,lire
body,тело,het lichaam,cuerpo,Körper,corps
light,свет,het licht,luz,Licht,lumière
member,член,het lid,miembro,Mitglied,membre
sweet,сладкий,zoet,dulce,süß,doux
love,любовь,de liefde,amor,Liebe,amour
most preferably,предпочтительно,liefst,preferiblemente,am liebsten,de préférence
to lie,лгать,liggen,mentir,zu lügen,mentir
corpse,труп,het lijk,cadáver,Leichnam,cadavre
list,список,de lijst,lista,Liste,liste
left,слева,links,izquierda,links,gauche
lip,губы,de lip,labio,Lippe,lèvre
literature,литература,de literatuur,literatura,Literatur,littérature
logical,логический,logisch,lógico,logisch,logique
to walk,ходить,lopen,caminar,zu Fuß,marcher
loose,свободный,los,suelto,lose,en vrac
sky,небо,de lucht,cielo,Himmel,ciel
to listen,слушать,luisteren,escuchar,zuhören,écouter
lieutenant,лейтенант,de luitenant,teniente,Leutnant,lieutenant
"to succeed, work out","добиваться успеха, работать",lukken,"para tener éxito, esfuérzate","Erfolg haben, trainieren","réussir, s'en sortir"
meal,еда,de maaltijd,comida,Mahlzeit,repas
moon,луна,de maan,luna,Mond,lune
month,месяц,de maand,mes,Monat,mois
but,но,maar,pero,sondern,mais
measure,измерять,de maatregel,medir,Maßnahme,mesure
society,общество,de samenleving,sociedad,Gesellschaft,société
machine,машина,de machine,máquina,Maschine,machine
to make,сделать,maken,hacer,zu machen,pour faire
mom,мама,de mama,mamá,Mutter,maman
man,человек,de man,hombre,man,homme
husband,муж,"man, echtgenoot",marido,Ehemann,mari
way,путь,de manier,camino,Weg,manière
market,рынок,de markt,mercado,Markt,marché
material,материал,het materiaal,material,Material,matériel
me (unstressed),,me,,,
me,я,,yo,ich,moi
medical,медицинский,medisch,médico,medizinisch,médical
to bring with,брать с собой,meebrengen,para llevar con,zum Mitbringen,à apporter avec
to participate,участвовать,meedoen,participar,zur Teilnahme,participer
to give with,давать с,meegeven,para dar con,zu geben mit,à donner avec
to watch with..,смотреть с...,meekijken,para ver con..,zu beobachten.,à regarder avec .
to come along,приехать,meekomen,venir,um mitzukommen,à venir
to take with,взять с собой,meenemen,para llevar con,zum Mitnehmen,à emporter avec soi
more,подробнее,meer,más,mehr,plus
mostly,в основном,vooral,sobre todo,meist,la plupart du temps
master,мастер,de meester,maestro,Meister,maître
opinion,мнение,de mening,opinión,Stellungnahme,avis
human,человек,menselijk,humano,menschlich,humain
knife,нож,het mes,cuchillo,Messer,couteau
with,с,met,con,mit,avec
right away,сразу же,meteen,de inmediato,auf der Stelle,immédiatement
meter,счетчик,de meter,contador,Zähler,compteur
method,метод,de methode,método,Methode,méthode
Mrs.,Миссис.,de mevrouw,Sra.,Frau,Mme.
myself,сам,mezelf,yo mismo,mich,moi-même
me (stressed),,mij,,,
my,мой,mijn,mi,meine,mon
environment,окружающая среда,het milieu,medio ambiente,Umwelt,l'environnement
million,миллион,de miljoen,millones,Millionen,millions d'euros
minister,министр,de minister,ministro,Minister,ministre
minute,минута,de minuut,minuto,Minute,minute
maybe,возможно,misschien,tal vez,vielleicht,peut-être
to miss,пропустить,missen,perder,zu vermissen,de manquer
modern,современный,modern,moderno,modern,moderne
tired,усталый,moe,cansado,müde,fatigué
courage,мужество,de moed,valor,Mut,courage
mother,мать,de moeder,madre,Mutter,mère
difficult,сложно,moeilijk,difícil,schwierig,difficile
"difficult, easy","трудно, легко","moeilijk, makkelijk","difícil, fácil","schwierig, leicht","difficile, facile"
difficulty,трудности,de moeilijkheid,dificultad,Schwierigkeit,difficulté
effort,усилия,de moeite,esfuerzo,Aufwand,effort
"should, must","должен, обязан",moeten,"debería, debe","sollte, muss","devrait, doit"
possible,возможно,mogelijk,posible,möglich,possible
possibility,возможность,de mogelijkheid,posibilidad,Möglichkeit,possibilité
"to be allowed to, may","быть допущенным, может",mogen,"que se le permita, puede","zu dürfen, kann","être autorisé à, peut"
moment,момент,het moment,momento,Moment,moment
mouth,рот,de mond,boca,Mund,bouche
"beautiful, pretty","красивый, симпатичный",mooi,"hermoso, bonito","schön, hübsch","belle, jolie"
"pretty, ugly","красивый, уродливый","mooi, lelijk","bonito, feo","hübsch, hässlich","joli, laid"
motive,мотив,het motief,motivo,Motiv,motif
museum,музей,het museum,museo,Museum,musée
wall,стена,de wand,pared,Wand,mur
music,музыка,de muziek,música,Musik,musique
after,после,na,después de,nach,après
name,имя,de naam,nombre,Name,nom
to,на,naar,a,zu,à
next to,рядом с,naast,junto a,neben,à côté de
night,ночь,de nacht,noche,Nacht,nuit
namely,а именно,namelijk,a saber,nämlich,à savoir
wet,мокрый,nat,húmedo,nass,humide
national,национальная,nationaal,nacional,national,national
nature,природа,de natuur,naturaleza,Natur,nature
of course,конечно,natuurlijk,por supuesto,natürlich,bien sûr
barely,едва,nauwelijks,apenas,kaum,à peine
accurate,точный,nauwkeurig,preciso,genau,précis
no,нет,nee,no,keine,non
to put down,опускать,neerzetten,dejar,zum Ablegen,poser
negative,отрицательный,negatief,negativo,negativ,négatif
"negative, positive","негативный, позитивный","negatief, positief","negativo, positivo","negativ, positiv","négatif, positif"
to take,брать,nemen,tomar,zum Mitnehmen,à prendre
nowhere,нигде,nergens,en ninguna parte,Nirgendwo,nulle part
nose,нос,de neus,nariz,Nase,nez
nobody,никто,niemand,nadie,niemand,personne
not,не,niet,no,nicht,pas
new,новый,nieuw,nuevo,neu,nouveau
"new, old","новый, старый","nieuw, oud","nuevo, viejo","neu, alt","nouveau, ancien"
nothing,ничего,niks,nada,nichts,rien
neither,ни,noch,ni,weder,ni l'un ni l'autre
required,требуется,nodig,obligatorio,erforderlich,requis
yet,но,nog,pero,dennoch,encore
quite,довольно,nogal,muy,ziemlich,tout à fait
necessary,необходимо,noodzakelijk,necesario,erforderlich,nécessaire
north,север,het noorden,norte,Norden,nord
normal,нормальный,normaal,normal,normal,normal
well,хорошо,nou,bien,gut,bien
now,сейчас,nu,ahora,jetzt,maintenant
number,номер,het nummer,número,Nummer,nombre
helpful,полезно,nuttig,útil,hilfreich,utile
object,объект,het voorwerp,objeto,Objekt,objet
or,или,of,o,oder,ou
officially,официально,officieel,oficialmente,offiziell,officiellement
officer,офицер,de officier,oficial,Offizier,agent
October,Октябрь,oktober,Octubre,Oktober,Octobre
oil,масло,de olie,aceite,Öl,huile
around,вокруг,om,en torno a,um,autour de
to handle,справиться,omgaan met,manejar,zu handhaben,pour gérer
surroundings,окрестности,de omgeving,alrededores,Umgebung,environnement
up,вверх,omhoog,arriba,auf,monter
circumstance,обстоятельство,de omstandigheid,circunstancia,Umstand,circonstance
despite,несмотря на,ondanks,a pesar de,trotz,malgré
below,ниже,onder,debajo de,unter,ci-dessous
"difference, distinction","разница, различие",het onderscheid,"diferencia, distinción","Unterschied, Unterscheidung","différence, distinction"
"topic, subject","тема, предмет",het onderwerp,"tema, asunto","Thema, Gegenstand","thème, sujet"
education,образование,de opvoeding,educación,Bildung,l'éducation
research,исследование,het onderzoek,investigación,Forschung,recherche
accident,авария,het ongeluk,accidente,Unfall,accident
"undoubtedly, surely","несомненно, конечно",ongetwijfeld,"sin duda, seguramente","zweifelsohne, sicher","sans aucun doute, sûrement"
approximately,примерно,ongeveer,aproximadamente,etwa,approximativement
immediately,немедленно,onmiddellijk,inmediatamente,sofort,immédiatement
impossible,невозможно,onmogelijk,imposible,unmöglich,impossible
our,наш,"ons, onze",nuestra,unser,notre
to lack,испытывать недостаток,ontbreken,a falta de,zu wenig,de manquer
to meet,встретиться,ontmoeten,reunirse,zu treffen,se réunir
meeting,встреча,de vergadering,reunión,Treffen,réunion
development,разработка,de ontwikkeling,desarrollo,Entwicklung,développement
unexpected,неожиданный,onverwacht,inesperado,unerwartet,inattendu
eye,глаз,het oog,ojo,Auge,œil
ever,когда-либо,ooit,ever,immer,toujours
also,также,ook,también,auch,également
uncle,дядя,de oom,tío,Onkel,oncle
ear,ухо,het oor,oído,Ohr,oreille
judgement,суждение,het oordeel,sentencia,Urteil,jugement
war,война,de oorlog,guerra,Krieg,guerre
cause,причина,de oorzaak,causa,verursachen,cause
on,на,op,en,auf,sur
to call up,вызывать,opbellen,para llamar,aufzurufen,pour appeler
"assignment, exercise","задание, упражнение",de opdracht,"asignación, ejercicio","Aufgabe, Übung","mission, exercice"
suddenly,внезапно,plotseling,de repente,plötzlich,soudainement
open,открыть,open,abra,öffnen,ouvert
"open, closed","открытый, закрытый","open, dicht","abierto, cerrado","offen, geschlossen","ouvert, fermé"
public,публичный,openbaar,público,öffentlich,public
to open,открыть,openen,para abrir,zu öffnen,pour ouvrir
operation,операция,de operatie,operación,Betrieb,fonctionnement
to pick up,забрать,ophalen,para recoger,zum Abholen,pour ramasser
to resolve,решать,oplossen,resolver,zu beheben,pour résoudre
solution,решение,de oplossing,solución,Lösung,solution
comment,комментарий,de opmerking,comentario,Kommentar,commentaire
again,снова,opnieuw,de nuevo,wieder,à nouveau
to write down,записывать,opschrijven,anotar,zum Aufschreiben,écrire
to get up,вставать,opstaan,levantarse,zum Aufstehen,se lever
view,посмотреть,de opvatting,ver,siehe,vue
organ,орган,het orgaan,órgano,Organ,organe
organization,организация,de organisatie,organización,Organisation,l'organisation
to organize,организовывать,organiseren,organizar,zu organisieren,organiser
old,старый,oud,antiguo,alt,ancien
about,о,over,acerca de,über,à propos de
everywhere,везде,overal,en todas partes,überall,partout
agreement,соглашение,de overeenkomst,acuerdo,Vereinbarung,accord
government,правительство,de regering,gobierno,Regierung,gouvernement
"other, remaining","другой, оставшийся",overig,"otros, restantes","andere, übrige","autres, restants"
consultation,консультация,het overleg,consulta,Beratung,consultation
to cross,пересечь,oversteken,para cruzar,zu überqueren,traverser
horse,лошадь,het paard,caballo,Pferd,cheval
path,путь,het pad,ruta,Pfad,chemin
business suit,деловой костюм,het pak,traje de negocios,Geschäftsanzug,costume d'affaires
to grab,схватить,pakken,agarrar,zum Greifen,pour saisir
paper,бумага,het papier,papel,Papier,papier
partner,партнер,de partner,socio,Partner,partenaire
to pass,пройти,passeren,pasar,zu bestehen,passer
patient,пациент,de patiënt,paciente,Patient,patient
pattern,шаблон,het patroon,patrón,Muster,modèle
period,период,de periode,periodo,Zeitraum,période
press,нажмите,de pers,pulse,Presse,presse
staff,персонал,het personeel,personal,Mitarbeiter,le personnel
person,человек,de persoon,persona,Person,personne
personally,лично,persoonlijk,personalmente,persönlich,personnellement
personality,личность,de persoonlijkheid,personalidad,Persönlichkeit,personnalité
pain,боль,de pijn,dolor,Schmerzen,douleur
painful,болезненный,pijnlijk,doloroso,schmerzhaft,douloureux
place,место,de plek,lugar,Ort,lieu
plan,план,het plan,plan,Plan,plan
plant,завод,de plant,planta,Anlage,plante
pleasure,удовольствие,het plezier,placer,Vergnügen,plaisir
attempt,попытка,de poging,intente,Versuch,tentative
law enforcement,правоприменение,de politie,aplicación de la ley,Strafverfolgung,application de la loi
position,позиция,de positie,posición,Position,position
positive,положительный,positief,positivo,positiv,positif
pot,горшок,de pot,olla,Topf,marmite
magnificent,великолепный,prachtig,magnífico,prächtige,magnifique
practice,практика,de praktijk,práctica,Praxis,pratique
practical,практический,praktisch,práctico,praktisch,pratique
to talk,говорить,praten,hablar,zum Gespräch,pour parler
president,президент,de president,presidente,Präsident,président
pleasant,приятный,prettig,agradable,angenehm,agréable
price,цена,de prijs,precio,Preis,prix
problem,проблема,het probleem,problema,Problem,problème
per cent,процент,het procent,por ciento,Prozent,pour cent
process,процесс,het proces,proceso,Prozess,processus
to produce,производить,produceren,producir,zu produzieren,pour produire
product,продукт,het product,producto,Produkt,produit
production,производство,de productie,producción,Produktion,production
program,программа,het programma,programa,Programm,programme
project,проект,het project,proyecto,Projekt,projet
province,провинция,de provincie,provincia,Provinz,province
psychology,психология,de psychologie,psicología,Psychologie,psychologie
psychological,психологический,psychologisch,psicológico,psychologisch,psychologique
psychologist,психолог,de psycholoog,psicólogo,Psychologe,psychologue
to publish,публиковать,publiceren,publicar,zu veröffentlichen,publier
window,окно,het raam,ventana,Fenster,fenêtre
radio,радио,de radio,radio,Radio,radio
edge,край,de rand,borde,Rand,bord
reaction,реакция,de reactie,reacción,Reaktion,réaction
to realize,понимать,realiseren,realizar,zu realisieren,réaliser
straight,прямой,recht,recto,gerade,droit
judge,судья,de rechter,juez,Richter,juge
"reasonable, reasonably","разумно, обоснованно",redelijk,"razonable, razonablemente","angemessen, vernünftig","raisonnable, raisonnablement"
reason,причина,de reden,motivo,Grund,raison
series,серия,de reeks,serie,Serie,série
rule,правило,de regel,regla,Regel,règle
regulation,регулирование,de regeling,reglamento,Verordnung,règlement
"trip, journey","поездка, путешествие",de reis,viaje,"Reise, Reise","voyage, périple"
to travel,путешествовать,reizen,viajar,zum Reisen,voyager
bill,билл,de rekening,bill,Rechnung,facture
relationship,отношения,de relatie,relación,Beziehung,relation
relatively,относительно,relatief,relativamente,relativ,relativement
To run,Чтобы запустить,rennen,Ejecutar,Zum Laufen,Exécuter
rest,отдых,de rest,resto,Rest,repos
restaurant,ресторан,het restaurant,restaurante,Restaurant,restaurant
result,результат,het resultaat,resultado,Ergebnis,résultat
towards,в направлении,richting,hacia,gegenüber,vers
queue,очередь,de rij,cola,Warteschlange,file d'attente
to drive,управлять,rijden,para conducir,zu fahren,pour conduire
rich,богатый,rijk,rico,reich,riche
"rich, poor","богатый, бедный","rijk, arm","ricos, pobres","reich, arm","riches, pauvres"
risk,риск,het risico,riesgo,Risiko,risque
river,река,de rivier,río,Fluss,rivière
role,роль,de rol,papel,Rolle,rôle
round,круглый,rond,redondo,rund,ronde
red,красный,rood,rojo,rot,rouge
smoke,дым,de rook,humo,Rauch,fumée
back,назад,terug,volver,zurück,retour
to smell,чувствовать запах,ruiken,oler,zu riechen,sentir
spacious,просторный,ruim,espacioso,geräumig,spacieux
space,космос,de ruimte,espacio,Raum,espace
"peace, calm","мир, спокойствие",de rust,"paz, calma","Frieden, Ruhe","la paix, le calme"
to rest,отдыхать,rusten,descansar,zur Ruhe,se reposer
quiet,тихий,stil,tranquilo,leise,calme
together,вместе,samen,juntos,zusammen,ensemble
to cooperate,сотрудничать,samenwerken,cooperar,zu kooperieren,coopérer
cooperation,сотрудничество,de samenwerking,cooperación,Zusammenarbeit,coopération
to live together,жить вместе,samenwonen,vivir juntos,zusammen zu leben,vivre ensemble
damage,ущерб,de schade,daños,Schaden,dommages
shadow,тень,de schaduw,sombra,Schatten,ombre
shoe,обувь,de schoen,zapato,Schuh,chaussure
school,школа,de school,escuela,Schule,l'école
clean,чистый,schoon,limpiar,sauber,propre
"clean, dirty","чистый, грязный","schoon, vies","limpio, sucio","sauber, schmutzig","propre, sale"
to clean,очищать,schoonmaken,limpiar,zu reinigen,pour nettoyer
shoulder,плечо,de schouder,hombro,Schulter,épaule
to write,писать,schrijven,escribir,zu schreiben,écrire
writer,писатель,de schrijver,escritor,Schriftsteller,écrivain
debt,долг,de schuld,deuda,Schulden,dette
second (time),секунда (время),de seconde,segundo (tiempo),Sekunde (Zeit),seconde (temps)
sector,сектор,de sector,sector,Sektor,secteur
ambiance,атмосфера,de sfeer,ambiente,Ambiente,ambiance
cigarette,сигарета,de sigaret,cigarrillo,Zigarette,cigarette
since,с,sinds,desde,seit,depuis
sleep,спать,de slaap,dormir,schlafen,dormir
bedroom,спальня,de slaapkamer,dormitorio,Schlafzimmer,chambre à coucher
battle,битва,de slag,batalla,Schlacht,bataille
to sleep,спать,slapen,para dormir,zu schlafen,dormir
bad,плохой,slecht,mal,schlecht,mauvais
key,ключ,de sleutel,clave,Schlüssel,clé
key lock,ключевой замок,het slot,cerradura con llave,Tastensperre,serrure à clé
taste,вкус,de smaak,pruebe,Geschmack,goût
narrow,узкий,smal,estrecho,schmal,étroit
"narrow, wide","узкий, широкий","smal, breed","estrecho, ancho","schmal, breit","étroit, large"
snow,снег,de sneeuw,nieve,Schnee,neige
fast,быстро,snel,rápido,schnell,rapide
speed,скорость,de snelheid,velocidad,Geschwindigkeit,vitesse
social,социальная,sociaal,social,sozial,sociale
soldier,солдат,de soldaat,soldado,Soldat,soldat
some,несколько,sommige,algunos,einige,certains
sometimes,иногда,soms,a veces,manchmal,parfois
kind,добрый,het soort,amable,freundlich,type
"tension, stress","напряжение, стресс",de spanning,"tensión, estrés","Spannung, Stress","tension, stress"
specific,конкретный,specifiek,específico,spezifisch,spécifique
game,игра,het spel,juego,Spiel,jeu
to play,играть,spelen,para jugar,zu spielen,pour jouer
mirror,зеркало,de spiegel,espejo,Spiegel,miroir
track,трек,het spoor,pista,Spur,piste
to speak,говорить,spreken,hablar,zu sprechen,s'exprimer
to stand,стоять,staan,de pie,zu stehen,se tenir
state,государство,de staat,estado,Staat,État
city,город,de stad,ciudad,Stadt,ville
step,шаг,de stap,paso,Schritt,étape
to step,переходить,stappen,al paso,zum Schritt,pour aller de l'avant
station,станция,het station,estación,Bahnhof,station
stone,камень,de steen,piedra,Stein,pierre
voice,голос,de stem,voz,Stimme,voix
star,звезда,de ster,estrella,Stern,étoile
strong,сильный,sterk,fuerte,stark,fort
"strong, weak","сильный, слабый","sterk, zwak","fuerte, débil","stark, schwach","fort, faible"
stiff,жесткий,stijf,rígido,steif,rigide
to rise,подниматься,stijgen,subir,zu steigen,s'élever
style,стиль,de stijl,estilo,Stil,style
silence,молчание,de stilte,silencio,Schweigen,silence
chair,кресло,de stoel,silla,Stuhl,chaise
dust,пыль,de stof,polvo,Staub,poussière
to stop,остановиться,stoppen,parar,zu stoppen,d'arrêter
street,улица,de straat,calle,Straße,rue
punishment,наказание,de straf,castigo,Bestrafung,punition
tight,плотно,strak,apretado,dicht,serré
beach,пляж,het strand,playa,Strand,plage
region,регион,de streek,región,Region,région
to stretch,растягиваться,strekken,estirar,zu strecken,étirer
strict,строго,streng,estricto,Streng,stricte
flow,поток,de stroom,flujo,Durchfluss,flux
structure,структура,de structuur,estructura,Struktur,structure
student,студент,de student,estudiante,Studenten,étudiant
to study,изучать,studeren,estudiar,zu studieren,étudier
study,исследование,de studie,estudiar,Studie,étude
piece,шт.,het stuk,pieza,Stück,pièce
to send,отправлять,zenden,enviar,zu senden,à envoyer
steering wheel,рулевое колесо,het stuur,volante,Lenkrad,volant
good luck,удача,het succes,Suerte,viel Glück,Bonne chance
sugar,сахар,de suiker,azúcar,Zucker,sucre
symbol,символ,het symbool,símbolo,Symbol,symbole
system,система,het systeem,sistema,System,système
language,язык,de taal,idioma,Sprache,langue
table,таблица,de tafel,tabla,Tabelle,table
branch,филиал,de tak,rama,Zweigstelle,branche
tooth,зуб,de tand,diente,Zahn,dent
aunt,тетя,de tante,tía,Tante,tante
too,слишком,te,demasiado,zu,aussi
technic,technic,de techniek,técnica,technik,technique
technical,технические,technisch,técnico,technisch,technique
against,против,tegen,contra,gegen,contre
"to come across (somebody), walk into (somebody)","сталкиваться с кем-либо, входить в кого-либо",tegenkomen,"cruzarse con (alguien), entrar en (alguien)","(jemandem) über den Weg laufen, in (jemanden) hineinlaufen","tomber sur (quelqu'un), entrer dans (quelqu'un)"
opposite,напротив,tegenover,frente a,gegenüber,opposé
opponent,противник,de tegenstander,oponente,Gegner,adversaire
contrary,вопреки,de tegenstelling,contrario,gegen,contraire
text,текст,de tekst,texto,Text,texte
phone,телефон,de telefoon,teléfono,Telefon,téléphone
television,телевидение,de televisie,televisión,Fernsehen,télévision
at least,по крайней мере,tenminste,como mínimo,mindestens,au moins
term,термин,de term,plazo,Begriff,terme
terrace,терраса,het terras,terraza,Terrasse,terrasse
terrain,местность,het terrein,terreno,Gelände,terrain
to come back,вернуться,terugkomen,volver,zurück zu kommen,revenir
while,в то время как,terwijl,mientras que,während,alors que
satisfied,довольны,tevreden,satisfecho,zufrieden,satisfaits
tea,чай,de thee,té,Tee,thé
theoretically,теоретически,theoretisch,teóricamente,theoretisch,théoriquement
theory,теория,de theorie,teoría,Theorie,théorie
at home,дома,thuis,en casa,zu Hause,à la maison
ten,десять,tien,diez,zehn,dix
time,время,de tijd,tiempo,Zeit,temps
magazine,журнал,het tijdschrift,revista,Zeitschrift,magazine
title,название,de titel,título,Titel,titre
tour,тур,de tocht,visita,Tour,tournée
future,будущее,toekomstig,futuro,Zukunft,futur
then (past),тогда (в прошлом),toen,entonces (pasado),dann (Vergangenheit),alors (passé)
coincidentally,случайно,toevallig,casualmente,zufällig,par hasard
tongue,язык,de tong,lengua,Zunge,langue
top,топ,de top,top,top,sommet
until,до,tot,hasta,bis,jusqu'à
total,всего,totaal,total,insgesamt,total
tear,слеза,de traan,lágrima,Träne,déchirure
tradition,традиция,de traditie,tradición,Tradition,tradition
traditional,традиционный,traditioneel,tradicional,traditionell,traditionnelle
stairs,лестница,de trap,escaleras,Treppe,escaliers
train,поезд,de trein,tren,Zug,train
mess,беспорядок,de troep,lío,Chaos,désordre
pride,гордость,de trots,orgullo,Stolz,fierté
to marry,жениться,trouwen,casarse,zu heiraten,se marier
"besides, by the way","кроме того, кстати",trouwens,"además, por cierto","Übrigens, nebenbei bemerkt","d'ailleurs, à ce propos"
in between,между,tussen,en medio,zwischendurch,entre les deux
two,два,twee,dos,zwei,deux
doubt,сомневаться,de twijfel,duda,Zweifel,doute
typical,типичный,typisch,típico,typisch,typique
"you (single, formal)",,u,,,
expression,выражение,de uitdrukking,expresión,Ausdruck,expression
in the end,в конце концов,uiteindelijk,al final,am Ende,à la fin
to go out,выходить,uitgaan,salir,Ausgehen,sortir
to explain,объяснять,uitleggen,para explicar,zu erklären,pour expliquer
exclusively,исключительно,uitsluitend,exclusivamente,ausschließlich,exclusivement
pronunciation,произношение,de uitspraak,pronunciación,Aussprache,prononciation
to get off,сойти,uitstappen,para bajar,zum Aussteigen,descendre
excellent,отличный,uitstekend,excelente,ausgezeichnet,excellent
exception,исключение,de uitzondering,excepción,Ausnahme,exception
university,университет,de universiteit,universidad,Universität,l'université
hour,час,het uur,hora,Stunde,heure
often,часто,vaak,a menudo,oft,souvent
father,отец,de vader,padre,Vater,père
"field, subject","поле, предмет",het vak,"campo, tema","Feld, Thema","domaine, sujet"
to fall,падать,vallen,caer,zu fallen,tomber
"from, of","от, из",van,"de, de","von, von","de, de"
today,сегодня,vandaag,hoy,heute,aujourd'hui
from,с сайта,vanuit,de,von,de
fixed,исправлено,vast,fijo,fest,fixe
to fight,бороться,vechten,para luchar,zu kämpfen,pour lutter
many,много,veel,muchos,viele,nombreux
"much, little","много, мало","veel, weinig","mucho, poco","viel, wenig","beaucoup, peu"
safe,безопасный,veilig,seguro,sicher,sûr
field,поле,het veld,campo,Feld,champ
guy,парень,de vent,guy,Kerl,gars
far,далеко,ver,lejos,weit,loin
to change,меняться,veranderen,cambiar,zu ändern,pour modifier
change,изменить,de verandering,cambiar,ändern,changer
responsibility,ответственность,de verantwoordelijkheid,responsabilidad,Verantwortung,responsabilité
surprised,удивлен,verbaasd,sorprendido,überrascht,surpris
bandage,бинт,het verband,venda,Bandagen,bandage
surprise,сюрприз,de verbazing,sorpresa,Überraschung,surprise
to forbid,запрещать,verbieden,prohibir,zu verbieten,interdire
further,далее,verder,más,weiter,plus
to earn,зарабатывать,verdienen,para ganar,zu verdienen,pour gagner
floor,пол,de vloer,suelo,Boden,plancher
sadness,грусть,het verdriet,tristeza,Traurigkeit,tristesse
sad,грустный,verdrietig,triste,traurig,triste
"association, club","ассоциация, клуб",de vereniging,"asociación, club","Verein, Club","association, club"
comparison,сравнение,de vergelijking,comparación,Vergleich,comparaison
to forget,забыть,vergeten,olvidar,zu vergessen,oublier
story,история,het verhaal,historia,Geschichte,histoire
ratio,соотношение,de verhouding,relación,Verhältnis,ratio
statement,заявление,de verklaring,declaración,Anweisung,déclaration
to sell,продавать,verkopen,vender,zu verkaufen,vendre
desire,желание,het verlangen,deseo,Wunsch,désir
past,прошлое,het verleden,pasado,Vergangenheit,passé
loss,потеря,het verlies,pérdida,Verlust,perte
to lose,терять,verliezen,perder,zu verlieren,perdre
difference,разница,het verschil,diferencia,Unterschied,différence
differences,различия,de verschillen,diferencias,Unterschiede,différences
various,различные,verschillende,varios,verschiedene,divers
terrible,ужасный,verschrikkelijk,terrible,schrecklich,terrible
report,отчет,het verslag,informe,Bericht,rapport
to spread,распространяться,verspreiden,difundir,zu verbreiten,de se répandre
"wit, wiseness","остроумие, мудрость",het verstand,"ingenio, sabiduría","Scharfsinn, Klugheit","esprit, sagesse"
to tell,рассказать,vertellen,contar,zu erzählen,à dire
departure,отправление,het vertrek,salida,Abreise,départ
"to leave, to depart","уходить, уезжать",vertrekken,"dejar, partir","verlassen, abreisen","quitter, partir"
thereafter,далее,vervolgens,a partir de entonces,danach,par la suite
to fulfill,выполнять,vervullen,para cumplir,zu erfüllen,remplir
expectation,ожидание,de verwachting,expectativa,Erwartung,attente
request,запрос,het verzoek,solicitar,Anfrage,demande
through,через,"via, door",a través de,über,à travers
four,четыре,vier,cuatro,vier,quatre
to celebrate,праздновать,vieren,para celebrar,zu feiern,pour célébrer
enemy,враг,de vijand,enemigo,Feind,ennemi
five,пять,vijf,cinco,fünf,cinq
to find,найти,vinden,encontrar,zu finden,pour trouver
finger,палец,de vinger,dedo,Finger,doigt
fish,рыба,de vis,pescado,Fisch,poisson
vision,видение,de visie,visión,Vision,vision
flat,квартира,vlak,plano,Wohnung,plat
meat,мясо,het vlees,carne,Fleisch,viande
to fly,летать,vliegen,volar,zu fliegen,voler
flight,рейс,de vlucht,vuelo,Flug,vol
to flee,бежать,vluchten,huir,zu fliehen,fuir
quickly,быстро,"vlug, snel",rápidamente,schnell,rapidement
moist,влажный,vochtig,húmedo,feucht,humide
food,еда,het voedsel,alimentos,Lebensmittel,nourriture
to feel,чувствовать,voelen,sentir,zu fühlen,sentir
foot,нога,de voet,pie,Fuß,pied
full,полный,vol,completo,vollständig,complet
next,следующий,volgende,siguiente,nächste,suivant
according to,согласно,volgens,según,laut,selon
people,люди,het volk,gente,Menschen,les personnes
complete,полный,volledig,completa,vollständig,complet
"in front of, before","перед, перед",voor,"delante de, antes de","vor, vor, vor","devant, avant"
example,пример,het voorbeeld,ejemplo,Beispiel,exemple
before,до,voordat,antes de,vor,avant
benefit,выгода,het voordeel,beneficio,profitieren,avantage
forehead,лоб,het voorhoofd,frente,Stirn,front
preference,предпочтение,de voorkeur,preferencia,Präferenz,préférence
proposal,предложение,het voorstel,propuesta,Vorschlag,proposition
careful,осторожно,voorzichtig,cuidado,vorsichtig,prudent
chairman,председатель,de voorzitter,presidente,Vorsitzender,président
"last, previous","последний, предыдущий",vorige,"último, anterior","letzte, vorherige","dernier, précédent"
"last, next","последний, следующий","vorige, volgende","último, siguiente","letzte, nächste","dernier, suivant"
formation,образование,de vorming,formación,Bildung,formation
question,вопрос,de vraag,pregunta,Frage,question
to ask,спросить,vragen,preguntar,zu fragen,demander
peace,мир,de vrede,paz,Frieden,la paix
strange,странный,vreemd,extraño,seltsam,étrange
horrible,ужасный,vreselijk,horrible,Schrecklich,horrible
joy,радость,de vreugde,alegría,Freude,joie
friend,друг,de vriend,amigo,Freund,ami
friendly,дружелюбный,vriendelijk,amable,freundlich,amicale
girlfriend,девушка,de vriendin,novia,Freundin,petite amie
free,бесплатно,vrij,gratis,kostenlos,gratuit
freedom,свобода,de vrijheid,libertad,Freiheit,liberté
almost (very close),почти (очень близко),vrijwel,casi (muy cerca),fast (sehr knapp),presque (très proche)
early,рано,vroeg,principios de,früh,précoce
back in the days,в те времена,vroeger,en los tiempos,in früheren Zeiten,à l'époque
cheerful,веселый,vrolijk,alegre,heiter,joyeux
woman,женщина,de vrouw,mujer,Frau,femme
to fill,заполнять,vullen,llenar,zu füllen,à remplir
TRUE,правда,waar,verdadero,wahr,vrai
value,значение,de waarde,valor,Wert,valeur
truth,правда,de waarheid,verdad,Wahrheit,vérité
probably,возможно,waarschijnlijk,probablemente,wahrscheinlich,probablement
to wait,ждать,wachten,esperar,zu warten,attendre
awake,проснуться,wakker,despierta,wach,éveillé
cheeks,щеки,de wangen,mejillas,Wangen,joues
when,когда,wanneer,cuando,wenn,quand
weapon,оружие,het wapen,arma,Waffe,arme
warm,теплый,warm,caliente,warm,chaud
"warm, cold","тёплый, холодный","warm, koud","caliente, frío","warm, kalt","chaud, froid"
warmth,тепло,de warmte,calidez,Wärme,chaleur
to wash,мыть,wassen,lavar,zum Waschen,laver
what,что,wat,qué,was,ce que
water,вода,het water,agua,Wasser,l'eau
we,мы,we,nosotros,wir,nous
week,неделя,de week,semana,Woche,semaine
to take away,отнимать,wegbrengen,quitar,zum Mitnehmen,de l'emporter
to leave,уезжать,weggaan,salir,zu verlassen,quitter
to throw away,выбрасывать,weggooien,tirar,zum Wegwerfen,jeter
"little, few","маленький, немного",weinig,"poco, pocos","wenig, wenige","peu, peu"
which,который,welk,que,die,qui
perhaps,"возможно,",wellicht,quizás,vielleicht,peut-être
wish,пожелание,de wens,desear,Wunsch,souhait
to wish,желать,wensen,desear,zu wünschen,souhaiter
world,мир,de wereld,mundo,Welt,monde
work,работа,het werk,trabajo,Arbeit,travail
reality,реальность,de werkelijkheid,realidad,Realität,réalité
to work,работать,werken,a trabajar,zur Arbeit,travailler
west,запад,het westen,oeste,West,Ouest
western,запад,westers,occidental,westlich,occidental
law,закон,de wet,ley,Gesetz,loi
science,наука,de wetenschap,ciencia,Wissenschaft,science
scientific,научный,wetenschappelijk,científico,wissenschaftlich,scientifique
we,мы,wij,nosotros,wir,nous
wine,вино,de wijn,vino,Wein,le vin
wild,дикий,wild,salvaje,wild,sauvage
to want,хотеть,willen,querer,zu wollen,vouloir
wind,ветер,de wind,viento,Wind,vent
to win,выиграть,winnen,para ganar,zu gewinnen,pour gagner
profit,прибыль,de winst,beneficio,Gewinn,bénéfice
winter,зима,de winter,invierno,Winter,l'hiver
white,белый,wit,blanco,weiß,blanc
cloud,облако,de wolk,nube,Wolke,nuage
word,слово,het woord,palabra,Wort,mot
to become,стать,worden,convertirse en,zu werden,devenir
"matter, business","дело, бизнес",de zaak,"materia, negocio","Materie, Geschäft","matière, entreprise"
hall,зал,de zaal,hall,Halle,salle
soft,мягкий,zacht,suave,weich,doux
bag,сумка,de zak,bolsa,Tasche,sac
affairs,дела,de zaken,asuntos,Angelegenheiten,affaires
sand,песок,het zand,arena,Sand,sable
sea,море,de zee,mar,Meer,mer
to say,сказать,zeggen,decir,um zu sagen,à dire
sure,конечно,zeker,seguro,sicher,sûr
security,безопасность,de zekerheid,seguridad,Sicherheit,sécurité
self,себя,zelf,auto,selbst,soi
even,даже,zelfs,incluso,sogar,même
six,шесть,zes,seis,sechs,six
to put,ставить,zetten,poner,zu setzen,pour mettre
himself,сам,zichzelf,él mismo,selbst,lui-même
sick,больной,ziek,enfermo,krank,malade
hospital,больница,het ziekenhuis,hospital,Krankenhaus,hôpital
disease,болезнь,de ziekte,enfermedad,Krankheit,maladie
to see,видеть,zien,para ver,zu sehen,voir
she,она,zij,ella,sie,elle
to be,быть,zijn,ser,zu sein,être
sentence,предложение,de zin,frase,Satz,condamnation
to sing,петь,zingen,cantar,zu singen,chanter
to sit,сидеть,zitten,sentarse,zu sitzen,s'asseoir
so,так что,zo,así que,also,donc
such as,такие как,zoals,como,wie zum Beispiel,tels que
so that,чтобы,zodat,para que,so dass,de sorte que
as soon as,как только,zodra,tan pronto como,sobald,dès que
to search,для поиска,zoeken,buscar,zu suchen,pour rechercher
as long as,"до тех пор, пока",zolang,mientras,so lange wie,tant que
summer,лето,de zomer,verano,Sommer,été
sunday,воскресенье,de zondag,domingo,sonntag,dimanche
without,без,zonder,sin,ohne,sans
son,сын,de zoon,hijo,Sohn,fils
care,уход,de zorg,atención,Pflege,soins
to care,заботиться,zorgen,cuidar,zur Pflege,aux soins
would,будет,zouden,sería,würde,serait
that much,так много,zoveel,tanto,so viel,à ce point
"shall, will","будет, будет",zullen,"deberá, hará","soll, wird","est, sera"
sister,сестра,de zuster,hermana,Schwester,sœur
heavy,тяжелый,zwaar,pesado,schwer,lourd
"heavy, light","тяжёлый, лёгкий","zwaar, licht","pesado, ligero","schwer, leicht","lourd, léger"
weak,слабый,zwak,débil,schwach,faible
black,черный,zwart,negro,schwarz,noir
"black, white","чёрный, белый","zwart, wit","negro, blanco","schwarz, weiß","noir, blanc"